<?xml version="1.0" encoding="UTF-8"?>
<Courses>
  <course code="COMP3004" section="A" term="fall" year="2013" instructor="claurendau" id="431234661">
      <TAs>
          <TA>frank</TA>
          <TA>bob</TA>
      </TAs>
  </course>
    <course code="COMP2401" section="A" term="fall" year="2013" instructor="claurendau" id="431873857">
        <TAs>
            <TA>mike</TA>
        </TAs>
    </course>
    <course code="COMP2404" section="A" term="winter" year="2012" instructor="claurendau" id="431873876">
        <TAs>
            <TA>havey</TA>
            <TA>harrey</TA>
        </TAs>
    </course>
    <course code="COMP3004" section="A" term="fall" year="2011" instructor="claurendau" id="431894557">
        <TAs>
            <TA>everest</TA>
            <TA>matt</TA>
        </TAs>
    </course>
    <course code="COMP3005" section="A" term="winter" year="2012" instructor="martin" id="439813257">
        <TAs>
            <TA>sierra</TA>
        </TAs>
    </course>
</Courses>
