<?xml version="1.0" encoding="UTF-8"?>
<Users>
  <user username="claurendau" password="faileveryone" user_type="1"/>
  <user username="martin" password="faileveryone" user_type="1"/>
  <user username="frank" password="tasrule" user_type="0"/>
  <user username="shelby" password="tasrule" user_type="0"/>
  <user username="mike" password="tasrule" user_type="0"/>
  <user username="havey" password="tasrule" user_type="0"/>
  <user username="harrey" password="tasrule" user_type="0"/>
  <user username="hillary" password="tasrule" user_type="0"/>
  <user username="matt" password="tasrule" user_type="0"/>
  <user username="sierra" password="tasrul" user_type="0"/>
</Users>
